Model,Test Case,Query,Difficulty,Response Time (s),Total Tokens,Prompt Tokens,Completion Tokens,Relevance (1-5),Completeness (1-5),Accuracy (1-5),Conciseness (1-5),Naturalness (1-5),Overall Quality (1-5),Word Count,Error
Mistral 7B,1,Find me a business class flight from JFK to LAX with low delay,easy,5.5,767,624,143,5,3.5,5.0,5.0,5,4.7,73,
Mistral 7B,2,Which economy flights have the best food quality?,medium,2.4,1039,1032,7,0.0,0,3.0,2.0,4.0,1.8,1,
Mistral 7B,3,"I need a flight with minimal delays and good food, what do you recommend?",medium,13.68,1344,980,364,1.67,5,5.0,5.0,5,4.33,192,
Llama 3.2 3B,1,Find me a business class flight from JFK to LAX with low delay,easy,4.29,915,577,338,5,5,5.0,4.0,5,4.8,206,
Llama 3.2 3B,2,Which economy flights have the best food quality?,medium,5.69,1231,939,292,3.33,5,5.0,5.0,5,4.67,174,
Llama 3.2 3B,3,"I need a flight with minimal delays and good food, what do you recommend?",medium,14.75,1227,893,334,3.33,5,5.0,4.0,5,4.47,240,
Gemma 2 9B,1,Find me a business class flight from JFK to LAX with low delay,easy,5.87,675,617,58,3.75,2.5,3.0,4.0,4.0,3.45,43,
Gemma 2 9B,2,Which economy flights have the best food quality?,medium,3.54,1167,1027,140,3.33,3.5,5.0,5.0,5,4.37,68,
Gemma 2 9B,3,"I need a flight with minimal delays and good food, what do you recommend?",medium,2.2,1115,978,137,1.67,5,5.0,5.0,5,4.33,88,
