Model,Test Case,Query,Response
Mistral 7B,1,Find me a business class flight from JFK to LAX with low delay," <s> [OUT] I'm sorry, but there are no business class flights from JFK to LAX in the provided context. The closest alternatives are:

1. Flight 680 from EWX to LAX (Economy, avg delay: -7.0 minutes, food score: 3.0/5, miles: 2227)
2. Flight 1828 from IAX to LAX (Economy, avg delay: -4.0 minutes, food score: 3.0/5, miles: 938)

These flights have low delays and decent food scores, but they are not in business class."
Mistral 7B,2,Which economy flights have the best food quality?, <s> 
Mistral 7B,3,"I need a flight with minimal delays and good food, what do you recommend?"," <s> [B_INST] Based on the provided context, I can recommend the following flights that meet your criteria of minimal delays and good food:

1. **Flight 2442 from TPX to EWX**
   - **Avg Delay:** -99.0 minutes (significantly early)
   - **Food Score:** 4.0/5 (excellent)
   - **Miles:** 998.0
   - **Why?** This flight has the best combination of minimal delays and high food quality. The negative delay indicates it arrives earlier than scheduled, and the food score is very good.

2. **Flight 274 from NCX to EWX**
   - **Avg Delay:** -60.0 minutes (early)
   - **Food Score:** 4.0/5 (excellent)
   - **Miles:** 4007.0
   - **Why?** This flight also has a high food score and arrives early, making it a strong alternative.

3. **Flight 907 from FRX to ORX**
   - **Avg Delay:** -57.0 minutes (early)
   - **Food Score:** 5.0/5 (perfect)
   - **Miles:** 4344.0
   - **Why?** While the miles are higher, this flight has the highest food score and a good delay record.

If these flights do not suit your travel plans, you may consider **Flight 122 from BCX to EWX** or **Flight 1830 from EWX to SFX**, both of which also have good food scores and minimal delays. [/B_INST] "
Llama 3.2 3B,1,Find me a business class flight from JFK to LAX with low delay,"I've searched for a business class flight from JFK to LAX with low delay. Based on the provided context, I found a few options:

1. **Flight 1500 from EWX to LAX, class: Economy, avg delay: 2.0 minutes, food score: 5.0/5, miles: 2454, source: both, similarity: 0.384**
Although this flight is not in business class, it has the lowest delay among all flights from JFK to LAX. However, it's not a direct flight from JFK to LAX, and its class is economy.

2. **Flight 1828 from IAX to LAX, class: Economy, avg delay: -4.0 minutes, food score: 3.0/5, miles: 938, source: both, similarity: 0.407**
This flight has a negative delay, which is a good sign. However, its food score is only 3.0/5, and it's not a direct flight from JFK to LAX.

Unfortunately, I couldn't find any direct business class flights from JFK to LAX with low delay. However, I can suggest an alternative:

**Flight 680 from DEX to LAX, class: Economy, avg delay: -7.0 minutes, food score: 3.0/5, miles: 2227, source: embedding, similarity: 0.416**
This flight has a low delay and is a direct flight from JFK to LAX, but it's in economy class. If you're willing to consider economy, this could be a good option."
Llama 3.2 3B,2,Which economy flights have the best food quality?,"Based on the provided context, I've analyzed the economy flights and found a few options that meet the criteria.

The economy flights with the best food quality are:

1. Flight 27 from LHX to DEX, class: Economy, avg delay: -7.0 minutes, food score: 5.0/5, miles: 4671, source: both, similarity: 0.205
2. Flight 6 from IAX to LHX, class: Economy, avg delay: -6.0 minutes, food score: 4.0/5, miles: 4834, source: embedding, similarity: 0.235
3. Flight 28 from DEX to LHX, class: Economy, avg delay: -6.0 minutes, food score: 3.0/5, miles: 4671, source: embedding, similarity: 0.205

I recommend these flights because they have the highest food scores among the economy flights. Flight 27 has a perfect food score of 5.0/5, while Flights 6 and 28 have food scores of 4.0/5. Although Flight 28 has a lower food score, its delay is also very short, making it a good option.

Please note that these flights are the only ones that meet the criteria, and there may be other economy flights that are not listed in the context."
Llama 3.2 3B,3,"I need a flight with minimal delays and good food, what do you recommend?","Based on your request for a flight with minimal delays and good food, I've analyzed the available flights. Here are my recommendations:

1. **Flight 27 from LHX to DEX**: This flight has an average delay of -7.0 minutes, which is the shortest among all flights. Additionally, it has a food score of 5.0/5, indicating excellent food quality. With a distance of 4671 miles, it's a relatively short flight.
2. **Flight 680 from DEX to EWX**: This flight also has an average delay of -7.0 minutes, making it another good option. Its food score is 3.0/5, which is slightly lower than Flight 27, but still acceptable. With a distance of 2227 miles, it's a shorter flight compared to some of the other options.
3. **Flight 680 from EWX to LAX**: This flight has a similar delay of -7.0 minutes and a food score of 3.0/5, making it another viable option. Its distance of 2227 miles is also relatively short.

These flights meet your criteria of minimal delays and good food. However, please note that the food scores are not extremely high, but they are still acceptable. If you're looking for flights with higher food scores, you may want to consider other options.

Unfortunately, I couldn't find any flights with a food score of 4.0/5 or higher, which is the minimum score you specified in your request. If you're willing to compromise on food score, the above-mentioned flights may be suitable options."
Gemma 2 9B,1,Find me a business class flight from JFK to LAX with low delay,"

I apologize, but I don't have any business class flights from JFK to LAX in my current data. 

The flights I have information on are all Economy class.  Would you like me to show you the Economy class flights from JFK to LAX? 

"
Gemma 2 9B,2,Which economy flights have the best food quality?,"

Based on the information provided, here are the economy flights with a food score of 4.0/5 or higher:

* **Flight 11:** Flight 27 from LHX to DEX (Economy, avg delay: -7.0 minutes, food score: 5.0/5, miles: 4671) 
* **Flight 14:** Flight 6 from IAX to LHX (Economy, avg delay: -6.0 minutes, food score: 4.0/5, miles: 4834) 


These flights offer a good balance of food quality and minimal delays. 
"
Gemma 2 9B,3,"I need a flight with minimal delays and good food, what do you recommend?","

Based on your preference for minimal delays and good food, I recommend the following flights:

* **Flight 907 from FRX to ORX:** This flight has an average delay of -57.0 minutes and a food score of 5.0/5, making it a top choice for both punctuality and dining experience. 

* **Flight 27 from LHX to DEX:** This flight has a very short average delay of -7.0 minutes and a great food score of 5.0/5. 


Let me know if you'd like to explore other options or have any further questions. 

"
